Ace,Frehley,110 Fordham Road,,Bronx,NY,USA
Eric,Clapton,50 Park Avenue,,New York,NY,USA
Peter,Frampton,30 1st Street,,Cleveland,OH,USA
George,Benson,52 Main Street,,Englewood,NJ,USA
Gene,Simmons,25 Hollywood Hills Road,,Los Angeles,CA,USA
Paul,Stanley,26 Hollywood Hills Road,,Los Angeles,CA,USA
Jimmy,Page,55 Sunset Blvd,,Los Angeles,CA,USA
Eddie,Van Halen,60 Sunset Blvd,,Los Angeles,CA,USA
David,Gilmour,50 Swainscott,Golders Green,London,,UK
Larry,Carlton,35 Old Country Road,,Brentwood,CA,USA
James,Burton,45 Telecaster Way,,Nashville,TN,USA
Mark,Knopfler,150 Swainscott,Golders Green,London,,UK
Janice Marie,Johnson,45 Precision Way,,Nashville,TN,USA
Hazel,Payne,45 Stratocaster Way,,Nashville,TN,USA
